"Privacidade","nickname","following","followers","profiss√£o","setor","precisao","g√™nero","link_perfil","nome"
"Publica","ozimarcabral.adv",3108,3243,"Advogado Especializado","Direito",90,"Masculino","https://www.instagram.com/ozimarcabral.adv","OZIMAR CABRAL ADVOGADO"
"Publica","nathaliabindi",214,305,"Arquiteta","Arquitetura",95,"Feminino","https://www.instagram.com/nathaliabindi","Nathalia"
"Publica","anime_furry_fan4",564,124,"Artista Digital","Arte",85,"Feminino","https://www.instagram.com/anime_furry_fan4","aglaia vafiadis"
"Publica","xruchau",3092,770,"Artista Visual","Arte",85,"Feminino","https://www.instagram.com/xruchau","Sofiye"
"Privada","animalmyth12",3649,1356,"artist cosplayer","entretenimento",85,"feminino","https://www.instagram.com/animalmyth12","Brie"
"Publica","siansdarkarts",2742,887,"Artista","Entretenimento",85,"Feminino","https://www.instagram.com/siansdarkarts","Sian Noir"
"Publica","maosantaartesacra3d",2791,3034,"Artista","Arte Sacra",85,,"https://www.instagram.com/maosantaartesacra3d","M√£o Santa Arte Sacra 3D"
"Privada","jldbrito",3666,632,"Assessor Administrativo","Administra√ß√£o",90,"Masculino","https://www.instagram.com/jldbrito","Jo√£o Lucas Brito"
"Publica","_moondonuts",611,563,"Artes√£ de Alimentos","Alimenta√ß√£o",85,"Feminino","https://www.instagram.com/_moondonuts","Ang√©lica da Silva Faria"
"Publica","gabrielscz",1318,1506,"Auxiliar Administrativo","Administra√ß√£o",90,"Masculino","https://www.instagram.com/gabrielscz","G A B R I E L C E Z A R"
"Privada","liddyonthemoon",7323,410,"poeta","arte",85,"feminino","https://www.instagram.com/liddyonthemoon","„É™„Éá„Ç£"
"Publica","bandavortex",462,424,"Banda","Entretenimento",85,,"https://www.instagram.com/bandavortex","Banda VorteX"
"Publica","salvobebidas",3209,2746,"Bar","Alimenta√ß√£o",85,,"https://www.instagram.com/salvobebidas","SalvoÃÇ¬Æ"
"Publica","quintaldosamigoss",234,51,"bar restaurante","alimenta√ß√£o",85,,"https://www.instagram.com/quintaldosamigoss","Quintal dos Amigos"
"Publica","attaressencias_tr",442,501,"Artes√£o de velas","Beleza",85,,"https://www.instagram.com/attaressencias_tr","Attar Ess√™ncias"
"Publica","cos.cos.play",5062,1939,"Blogueiro pessoal","Entretenimento",75,,"https://www.instagram.com/cos.cos.play","Cosplay World"
"Publica","sergiopacheco51",210,56,"Blogueiro","Comunica√ß√£o",85,"Masculino","https://www.instagram.com/sergiopacheco51","Sergio Luiz Pacheco"
"Publica","sintaumapoesia",3087,676,"Blogueiro Pessoal","Literatura",85,,"https://www.instagram.com/sintaumapoesia",
"Publica","dansouza._a",490,286,"Blogueiro","Entretenimento",85,"Masculino","https://www.instagram.com/dansouza._a","Daniel Souza"
"Publica","merciamelo3628",486,253,"Blogueira pessoal","Entretenimento",85,"Feminino","https://www.instagram.com/merciamelo3628","Mercia"
"Publica","larissapereiraf__",3833,3680,"Blogueira","Comunica√ß√£o",85,"Feminino","https://www.instagram.com/larissapereiraf__","LARISSA FERREIRA"
"Publica","elitedaseducao",167,28,"Blogueiro pessoal","Entretenimento",85,,"https://www.instagram.com/elitedaseducao","Elite da Sedu√ß√£o"
"Publica","entreinstantes2024",1496,502,"Blogueiro","Comunica√ß√£o",85,,"https://www.instagram.com/entreinstantes2024","Entre Instantes"
"Publica","_angelcosplay",2359,2869,"Cosplayer","Entretenimento",85,"Feminino","https://www.instagram.com/_angelcosplay","Angel"
"Publica","julia_borrgess",748,108,"Blogueira","Moda",85,"Feminino","https://www.instagram.com/julia_borrgess","julia_borrgess"
"Publica","steaknoble.oficial",2461,6606,"Boutique Carnes","Alimenta√ß√£o",85,,"https://www.instagram.com/steaknoble.oficial","Steak Noble Delivery"
"Privada","josealicecorrea",1958,1106,"CEO","Joias",85,"Feminino","https://www.instagram.com/josealicecorrea","Joseane Corr√™a"
"Publica","afonso.bunn",1397,1084,"CEO","Empreendedorismo",90,"Masculino","https://www.instagram.com/afonso.bunn","Afonso Bunn"
"Publica","pretoaamais",1303,606,"Ceo","Neg√≥cios",85,"Masculino","https://www.instagram.com/pretoaamais","Jean Estevam"
"Publica","ressaqueira",5216,2614,"Cervejaria","Alimentos e Bebidas",90,,"https://www.instagram.com/ressaqueira","RessaQueira Cerveja Artesanal"
"Publica","chef_fabio_britto",5815,19400,"Chef internacional","Gastronomia",90,"Masculino","https://www.instagram.com/chef_fabio_britto","F√°bio Britto"
"Publica","carvitoc",1278,1183,"Coach","Desenvolvimento Pessoal",85,"Masculino","https://www.instagram.com/carvitoc","Carlos Vitor"
"Publica","conversamasculina",2386,633,"Coach pessoal","Desenvolvimento pessoal",90,"Masculino","https://www.instagram.com/conversamasculina","Conversa Masculina"
"Publica","lavajatodo24horas",255,157,"lava jato","comercial",85,,"https://www.instagram.com/lavajatodo24horas","Lava Jato do 24 horas"
"Publica","le_onled",3944,1292,"Comunica√ß√£o Visual","Design",85,"Masculino","https://www.instagram.com/le_onled","Leon Led"
"Publica","hpdrywall",1292,2320,"Construtora","Constru√ß√£o",90,,"https://www.instagram.com/hpdrywall","HP Drywall"
"Publica","fabiano_sioli",364,319,"Consultor Marketing Digital","Marketing",90,"Masculino","https://www.instagram.com/fabiano_sioli","Fabiano Sioli"
"Privada","romariofmoura",523,397,"Corredor amador","Esporte",80,"Masculino","https://www.instagram.com/romariofmoura","ROM√ÅRIO MOURA"
"Privada","angelsilvafaria",894,212,"Cosplay artista","Entretenimento",85,"Feminino","https://www.instagram.com/angelsilvafaria","Ang√©lica S.F."
"Publica","beejooh",3565,1844,"Cozinheiro artesanal","Culin√°ria",85,,"https://www.instagram.com/beejooh","beeJooh"
"Publica","emanuelledaamaral",697,816,"criadora de conte√∫do","entretenimento",85,"feminino","https://www.instagram.com/emanuelledaamaral","Emanuelle da Amaral"
"Publica","nanahottoni",2991,5719,"Criador de conte√∫do","Digital",90,"Feminino","https://www.instagram.com/nanahottoni","Nan√°"
"Publica","rosacardosorj",3704,1671,"Criador de conte√∫do","arte digital",85,"Feminino","https://www.instagram.com/rosacardosorj","Rosa Cardoso"
"Publica","teixeirasleonardo",1294,1349,"Coach de Cross","Esportes",90,"Masculino","https://www.instagram.com/teixeirasleonardo","Leonardo Teixeira"
"Publica","ricasideias.marketing",769,433,"Criador de conte√∫do","Marketing",85,"null","https://www.instagram.com/ricasideias.marketing","null"
"Publica","b.condack",525,174,"Designer Gr√°fico","Design",90,"Masculino","https://www.instagram.com/b.condack","Bruno Condack"
"Privada","paulomiguelrs",498,190,"Desenvolvedor PHP","Tecnologia",85,"Masculino","https://www.instagram.com/paulomiguelrs","Paulo Miguel"
"Publica","geanch",1914,5764,"Empreendedor","Administra√ß√£o",85,"Masculino","https://www.instagram.com/geanch","Jean Castilho"
"Publica","fmattos.81",2425,1275,"Empreendedor","Neg√≥cios",85,"Masculino","https://www.instagram.com/fmattos.81","Freddy Mattos"
"Publica","jessica.galdinodacosta",3665,1491,"Nail designer","Beleza",85,"Feminino","https://www.instagram.com/jessica.galdinodacosta","J√©ssica Galdino"
"Publica","nandasilvam36",6004,1758,"Cabeleireira","Beleza",90,"Feminino","https://www.instagram.com/nandasilvam36","Fernanda da Silva"
"Publica","rock.side.store",3490,21200,"Empreendedor","Vestu√°rio",85,,"https://www.instagram.com/rock.side.store","ROCK SIDE STORE"
"Publica","ej__marcenaria",2627,1778,"Marceneiro","Constru√ß√£o",90,"Masculino","https://www.instagram.com/ej__marcenaria","EJ Marcenaria"
"Publica","alissondiasdigital",1101,997,"Estrategista Digital","Marketing",90,"Masculino","https://www.instagram.com/alissondiasdigital","Alisson Ferreira Dias"
"Publica","dijorge_empreendedor",5539,947,"Empreendedor","Marketing",85,"Masculino","https://www.instagram.com/dijorge_empreendedor","Dijorge Souza"
"Publica","infinity_infoegames",288,517,"Empreendedor","Tecnologia",85,"Masculino","https://www.instagram.com/infinity_infoegames","INFINITY Inform√°tica & Games"
"Publica","state.oficial",1445,335,"Gestor de TI","Inform√°tica",85,"Masculino","https://www.instagram.com/state.oficial","Lucas"
"Publica","betinhos_modas",216,45,"Varejo Moda","Varejo",90,,"https://www.instagram.com/betinhos_modas","Betinhos Modas"
"Publica","_arte_da_confeitaria",1271,229,"Confeiteiro","Alimenta√ß√£o",90,,"https://www.instagram.com/_arte_da_confeitaria","Arte da Confeitaria"
"Publica","cafe.papito",214,191,"Cafeteria","Alimenta√ß√£o",85,,"https://www.instagram.com/cafe.papito","Caf√© Papito"
"Publica","llovecakes2019",607,271,"Confeiteiro","Alimenta√ß√£o",85,,"https://www.instagram.com/llovecakes2019","l love cakes"
"Privada","gaabriel_souuzaa",4303,2715,"Empres√°rio Vidra√ßaria","Alimentos e Bebidas",85,"Masculino","https://www.instagram.com/gaabriel_souuzaa","Gabriel Soouzaa"
"Privada","melissabittencourtt",1404,1449,"Enfermeira","Sa√∫de",90,"Feminino","https://www.instagram.com/melissabittencourtt","Melissa Bittencourt"
"Publica","anadauestetica",4886,2375,"Enfermeira Esteta","Sa√∫de/beleza",90,"Feminino","https://www.instagram.com/anadauestetica","Dra. Ana Dau"
"Privada","alvespatryck",1468,1000,"Engenheiro Mec√¢nico","Engenharia",90,"Masculino","https://www.instagram.com/alvespatryck","Patryck Alves"
"Privada","kelvynflima",457,220,"Engenheiro Civil","Constru√ß√£o",90,"Masculino","https://www.instagram.com/kelvynflima","Kelvyn Franco"
"Publica","ericsonlamonica",1072,391,"Engenheiro de petr√≥leo","Petr√≥leo e g√°s",90,"Masculino","https://www.instagram.com/ericsonlamonica","Ericson Lamonica"
"Publica","kitchefpiabeta",5038,2774,"Especialista Carnes","Compras e varejo",85,,"https://www.instagram.com/kitchefpiabeta","Kitchef Piabeta"
"Privada","meriellyrodrigues",849,1088,"Especialista Legaliza√ß√£o","Empresarial",85,"Feminino","https://www.instagram.com/meriellyrodrigues","Merielly Rodrigues"
"Privada","amanddario.lm",1951,1098,"Estudante","Educa√ß√£o",80,"Feminino","https://www.instagram.com/amanddario.lm","AMANDA OLIVEIRA"
"Publica","giseletorresoficial",1227,1484,"Estudante Direito","Educa√ß√£o",85,"Feminino","https://www.instagram.com/giseletorresoficial","GISELE TORRES"
"Publica","amandaoliveira.lm",122,107,"Estudante direito","Jur√≠dico",90,"Feminino","https://www.instagram.com/amandaoliveira.lm","Amanda Oliveira"
"Publica","pedro_alvestito",687,418,"Estudante Engenharia","Educa√ß√£o",80,"Masculino","https://www.instagram.com/pedro_alvestito","Pedro Tito Alves"
"Publica","celyvsarres",234,153,,,0,"Feminino","https://www.instagram.com/celyvsarres","Cely"
"Publica","andressa_olli2",396,98,,,0,"Feminino","https://www.instagram.com/andressa_olli2","Andressa Oliveira"
"Publica","cervejariaodin",6203,28200,"Cervejaria Artesanal","Alimentos e Bebidas",90,,"https://www.instagram.com/cervejariaodin","Cervejaria Odin"
"Privada","yasminverdan",1749,2002,"Farmac√™utica Cl√≠nica","Sa√∫de",90,"Feminino","https://www.instagram.com/yasminverdan","Yasmin Verdan"
"Privada","guiifontess",1062,402,"Farmac√™utico Veterin√°rio","Sa√∫de Animal",90,"Masculino","https://www.instagram.com/guiifontess","Guilherme Fontes"
"Publica","drogariasvivamaispiabeta2",670,393,"Farm√°cia","Sa√∫de",90,,"https://www.instagram.com/drogariasvivamaispiabeta2","Le√£o De Jud√°"
"Publica","artesemcantos",180,100,"artes√£o","artesanato",85,,"https://www.instagram.com/artesemcantos","Artes & Encantos"
"Publica","descomplicatreinamentos",1268,3666,"Treinamentos Educacionais","Educa√ß√£o",85,,"https://www.instagram.com/descomplicatreinamentos","Descomplica Treinamentos"
"Privada","luiz03nunes",1913,710,,,0,"Masculino","https://www.instagram.com/luiz03nunes","Luiz Felipe Nunes"
"Privada","niveasouzafisio",2788,997,"Fisioterapeuta","Sa√∫de",95,"Feminino","https://www.instagram.com/niveasouzafisio","Nivea Souza"
"Publica","viniciuscar2",1176,527,"Marketing Especialista","Marketing",85,"Masculino","https://www.instagram.com/viniciuscar2","Vinicius Pereira"
"Publica","jamesmacleanph",1333,478,"Fot√≥grafo","Arte",90,"Masculino","https://www.instagram.com/jamesmacleanph","James Maclean"
"Publica","cacildaalves_hairstylist",3277,1403,"Hair Stylist","Beleza",95,"Feminino","https://www.instagram.com/cacildaalves_hairstylist","Cacilda Alves"
"Publica","fleetsburger",2254,2644,"Hamburgueria","Alimenta√ß√£o",90,,"https://www.instagram.com/fleetsburger","Fleet's Burger na brasa"
"Publica","losburgueros",4489,9580,"Hamburgueria","Alimenta√ß√£o",90,,"https://www.instagram.com/losburgueros","Los Burgueros"
"Publica","imperialhamburguer",505,7243,"Hamburgueria Artesanal","Alimenta√ß√£o",90,,"https://www.instagram.com/imperialhamburguer","IMPERIAL HAMB√öRGUER"
"Privada","miz_meena_maran",421,101,"Information Assistant","Aeroportos",85,"Feminino","https://www.instagram.com/miz_meena_maran","Meena Maran"
"Privada","eumariioo",1003,204,"Investidor Op√ß√µes","Finan√ßas",85,"Masculino","https://www.instagram.com/eumariioo","M√°rio Jorge"
"Privada","euleonardo_lima",7218,1913,"Light Designer","Arte",90,"Masculino","https://www.instagram.com/euleonardo_lima","Leonardo Lima"
"Publica","imperiodossalgadosjp",2587,1845,"Vendedor de Salgados","Alimenta√ß√£o",90,,"https://www.instagram.com/imperiodossalgadosjp","IMP√âRIO DOS SALGADOS"
"Publica","nuvegrio",4039,1236,"Loja alimentos","Alimentos",85,,"https://www.instagram.com/nuvegrio","Nuveg"
"Publica","infobravo",908,916,"Loja inform√°tica","Tecnologia",85,,"https://www.instagram.com/infobravo","Info Bravo Piabet√°"
"Publica","rvimports2023",32,34,"Loja eletr√¥nicos","Varejo",85,,"https://www.instagram.com/rvimports2023","RV Imports"
"Publica","fitpoint_suplementos",4261,4819,"Loja suplementos","Varejo",85,,"https://www.instagram.com/fitpoint_suplementos","Fit Point Suplementos"
"Publica","dmv_aguiar",1059,629,,,0,"Masculino","https://www.instagram.com/dmv_aguiar","Vinicius Carvalho"
"Privada","aline.siqueira.92317",471,381,,,0,"Feminino","https://www.instagram.com/aline.siqueira.92317","Aline Siqueira"
"Publica","vivianrobertomiranda",1737,576,"M√£e influenciadora","Influ√™ncia digital",85,"Feminino","https://www.instagram.com/vivianrobertomiranda","Vivian Miranda"
"Publica","mellniicolau_o",717,423,"M√£e de Fam√≠lia","Pessoal",80,"Feminino","https://www.instagram.com/mellniicolau_o","Mel Nicolau de Paula"
"Privada","barbosa.stephane",2574,1137,,,0,"Masculino","https://www.instagram.com/barbosa.stephane","Stephane Barbosa"
"Privada","ohanaduarte18",2856,955,,,0,"Feminino","https://www.instagram.com/ohanaduarte18","Ohana Duarte"
"Publica","maquiadorajulia_",1291,525,"Maquiadora","Sa√∫de/beleza",90,"Feminino","https://www.instagram.com/maquiadorajulia_","Julia Vieira"
"Publica","larissa_santosmasso",2365,482,"Massoterapeuta","Sa√∫de",90,"Feminino","https://www.instagram.com/larissa_santosmasso","Larissa Santos"
"Publica","ph_casanova1998",2824,1784,"Mec√¢nico Diesel","Automotivo",90,"Masculino","https://www.instagram.com/ph_casanova1998","Pedro Casanova"
"Publica","acouguedosinalguapi",4342,4491,"A√ßougueiro","Alimenta√ß√£o",90,,"https://www.instagram.com/acouguedosinalguapi","A√ßougue do Sinal"
"Publica","diegobcouto",2194,1031,,,0,"Masculino","https://www.instagram.com/diegobcouto","Diego Couto"
"Publica","evellin.micro",3042,6314,"Micropigmentadora","Beleza",90,"Feminino","https://www.instagram.com/evellin.micro","Evellin Nogueira"
"Publica","radardepromocoes25",9,398,"Monitoramento Ofertas","E-commerce",85,,"https://www.instagram.com/radardepromocoes25","Radar de Promo√ß√µes"
"Publica","dluckmp",460,271,"Designer de interiores","M√≥veis",85,,"https://www.instagram.com/dluckmp","D' Luck"
"Publica","diogoofariaa",6534,2725,"Musicista","Entretenimento",85,"Masculino","https://www.instagram.com/diogoofariaa","Diogo Faria"
"Publica","trioemfa_oficial",2256,5214,"Musicista","Entretenimento",90,,"https://www.instagram.com/trioemfa_oficial","Trio Em F√°"
"Publica","fernando_robert_21",3275,2652,"M√∫sico","Entretenimento",90,"Masculino","https://www.instagram.com/fernando_robert_21","Fernando Robert"
"Privada","eliharaujo_",4226,1341,"M√∫sico","Entretenimento",85,"Masculino","https://www.instagram.com/eliharaujo_","Elih Ara√∫jo"
"Publica","daniel7534_",3554,952,"M√∫sico","Entretenimento",90,"Masculino","https://www.instagram.com/daniel7534_","Luiz Carlos"
"Publica","rhufagundess",2024,3178,"Nail Artist","Beleza",85,"Feminino","https://www.instagram.com/rhufagundess","Rhuanna Fagundes"
"Privada","_amandinha_martins",2327,1762,"Nutricionista","Sa√∫de",95,"Feminino","https://www.instagram.com/_amandinha_martins","Amanda Martins"
"Privada","ven.vixen",565,202,"life coach","coaching",85,"feminino","https://www.instagram.com/ven.vixen","A Medrano"
"Privada","lbulkool",870,1156,"designer","arte e design",85,"masculino","https://www.instagram.com/lbulkool","Leandro Bulkool"
"Privada","diego.almeida16",1871,1672,,,0,"Masculino","https://www.instagram.com/diego.almeida16","Diego Almeida"
"Publica","prfabao12",2488,1730,"Pastor","Religi√£o",90,"Masculino","https://www.instagram.com/prfabao12","Fabio Macedo"
"Publica","queilaccroche",289,159,"artes√£ croch√™","artesanato",85,"feminino","https://www.instagram.com/queilaccroche","Queila Cristina"
"Publica","cabidedesegunda",1728,3921,"Vendedor Brech√≥","Varejo",85,,"https://www.instagram.com/cabidedesegunda","Brech√≥ Cabide De Segunda"
"Privada","angelojulia_",1451,693,"Pesquisa Cl√≠nica","Sa√∫de",90,"Feminino","https://www.instagram.com/angelojulia_","Julia Vieira"
"Publica","forneriafragoso",149,1405,"Pizzaria","Alimenta√ß√£o",90,,"https://www.instagram.com/forneriafragoso","Forneria Fragoso"
"Publica","cervejariareal",3255,5135,"Microcervejaria Artesanal","Alimentos e Bebidas",85,,"https://www.instagram.com/cervejariareal","Cervejaria Real"
"Publica","patricpj",316,330,"Artista M√≥vel","Artesanato",85,,"https://www.instagram.com/patricpj","Pj vis√£o de art"
"Publica","troyaproducoese",3191,532,"Produ√ß√µes eventos","Entretenimento",90,,"https://www.instagram.com/troyaproducoese","Tr√≥ya produ√ß√µes e eventos"
"Publica","patronoseguranca",1363,394,"Seguran√ßa Eletr√¥nica","Tecnologia",85,,"https://www.instagram.com/patronoseguranca","Patrono - Seguran√ßa Eletr√¥nica"
"Publica","desapego.day_",323,379,"Consultor Brech√≥","Moda",85,,"https://www.instagram.com/desapego.day_","Desapego Day"
"Publica","liliam.croches",171,151,"Crocheteira","Artesanato",85,"Feminino","https://www.instagram.com/liliam.croches","Liliam Souza C"
"Publica","sclean_solutions",108,87,"Higieniza√ß√£o Estofados","Servi√ßos",85,,"https://www.instagram.com/sclean_solutions","SClean Solutions"
"Publica","onlinelucro",588,119,"Marketing Digital","Vendas Online",85,,"https://www.instagram.com/onlinelucro","Lucro Online"
"Publica","diegocustodio27",4339,2260,"Professor Licenciado","Educa√ß√£o",90,"Masculino","https://www.instagram.com/diegocustodio27","ùîªùïöùïñùïòùï† ‚ÑÇùï¶ùï§ùï•ùï†ùïïùïöùï†"
"Publica","larissa_camacho",3504,3516,"Educa√ß√£o F√≠sica","Sa√∫de e Bem-Estar",85,"Feminino","https://www.instagram.com/larissa_camacho","Larissa Camacho"
"Publica","mac_quiadora",2253,3812,"Instrutora de Beleza","Est√©tica",85,"Feminino","https://www.instagram.com/mac_quiadora","Stephanie Maclean"
"Privada","borge_ja",1376,1080,"Propriet√°ria confeitaria","Gastronomia",85,"Feminino","https://www.instagram.com/borge_ja","Juliana"
"Publica","nextcominternet",743,699,"Provedor servi√ßos internet","Tecnologia",90,,"https://www.instagram.com/nextcominternet","Nextcom Internet"
"Publica","psi.lilian_ruy",25,49,"Psic√≥loga","Sa√∫de Mental",95,"Feminino","https://www.instagram.com/psi.lilian_ruy","Lilian Ruy"
"Privada","agathaa_regina",3011,2280,,,0,"Feminino","https://www.instagram.com/agathaa_regina","√Ågatha Regina"
"Privada","cristinafernanda16",791,881,,,0,"Feminino","https://www.instagram.com/cristinafernanda16","Fernanda Cristina"
"Publica","verdanconfeitaria",81,96,"Confeiteira","Alimenta√ß√£o",90,"Feminino","https://www.instagram.com/verdanconfeitaria","Yasmin Verdan"
"Publica","outbeco_imbarie",4126,3115,"Restaurante","Alimenta√ß√£o",90,,"https://www.instagram.com/outbeco_imbarie","Outb√™co Imbari√™"
"Publica","bodyhealthsuplemoda",2536,447,"Vendedor Suplementos","Sa√∫de e Fitness",85,,"https://www.instagram.com/bodyhealthsuplemoda","Body Health"
"Privada","willbaptista1_",1145,567,"analista sistemas","tecnologia",90,"masculino","https://www.instagram.com/willbaptista1_","Pablo W. Ramos"
"Publica","juuh_milato",4699,1193,"T√©cnica Enfermagem","Sa√∫de",90,"Feminino","https://www.instagram.com/juuh_milato","Juuh Milato"
"Publica","gabiverdan_",943,3375,"T√©cnica Qu√≠mica","Qu√≠mica",90,"Feminino","https://www.instagram.com/gabiverdan_","Gabrielle Verdan"
"Privada","juuh_eq_16",1218,1190,"T√©cnica em Qu√≠mica","Qu√≠mica",85,"Feminino","https://www.instagram.com/juuh_eq_16","Julieta Gon√ßalves"
"Publica","vanessaaraujo1389",5557,2027,"T√©cnico Farm√°cia","Sa√∫de",85,"Feminino","https://www.instagram.com/vanessaaraujo1389","Vanessa"
"Publica","kellyogedaa",7503,2399,"Terapeuta Capilar","Sa√∫de/beleza",90,"Feminino","https://www.instagram.com/kellyogedaa","Kelly Ogeda"
"Publica","lary.ssa511",1323,169,"Titia","Pessoal",60,"Feminino","https://www.instagram.com/lary.ssa511","Laryssa Nicolau"
"Publica","bruno_luizlima",876,599,"Atleta","Esporte",85,"Masculino","https://www.instagram.com/bruno_luizlima","Bruno Lima"
"Publica","espacotiajosy",2566,3210,"Tutor professor","Educa√ß√£o",85,"Feminino","https://www.instagram.com/espacotiajosy","Tia Josy - Espa√ßo Pedag√≥gico Educacional"
"Publica","bigodearame",747,538,"Product Designer","Design",90,"Masculino","https://www.instagram.com/bigodearame","Vinicius Lauria"
"Publica","alele.svg",303,113,"UX designer","Design",90,"Feminino","https://www.instagram.com/alele.svg","Leticia Visentim"
"Publica","marcos_viniciusbotelho",1426,1181,"Vendedor","Tecnologia",90,"Masculino","https://www.instagram.com/marcos_viniciusbotelho","Marcos Vinicius"
"Publica","ellurestore",5543,837,"Vestu√°rio marca","Vestu√°rio",85,,"https://www.instagram.com/ellurestore","Ellure Store"
"Publica","anafulanaatelier",1834,1835,"Designer de Moda","Vestu√°rio",90,"Feminino","https://www.instagram.com/anafulanaatelier","Ana Fulana Atelier"
"Publica","savethenexus",7013,36200,"Influencer","Entretenimento",85,"Masculino","https://www.instagram.com/savethenexus","Save The Nexus"
"Publica","vidracariabibo",595,482,"Vidraceiro","Constru√ß√£o",90,"Masculino","https://www.instagram.com/vidracariabibo","Vidra√ßaria Bibo"
"Publica","wallax_gallotti",343,411,"null","null",0,"null","https://www.instagram.com/wallax_gallotti","wallax gallotti"
"Publica","andressabindi",1674,1662,"artista visual","arte",85,"feminino","https://www.instagram.com/andressabindi","Andressa Bindi"
"Publica","julie_nelson_.98",4831,939,"Writer","Arte",90,"Feminino","https://www.instagram.com/julie_nelson_.98","Julie Nelson"
"Privada","renejr.correa",1701,2334,"Designer Gr√°fico","Design",85,"Masculino","https://www.instagram.com/renejr.correa","Rene Junior"
"Privada","crisciacamacho",351,366,"maquiadora","beleza",85,"feminino","https://www.instagram.com/crisciacamacho","Criscia Camacho"