"Privacidade","nickname","following","followers","profissÃ£o","setor","precisao","gÃªnero","link_perfil","nome"
"Privada","castilho_97",22,23,,,0,,"https://www.instagram.com/castilho_97","Jean Castilho"
"Publica","queilaccroche",289,159,"PeÃ§as em crochÃª feitas Ã  mÃ£o",,0,,"https://www.instagram.com/queilaccroche","Queila Cristina"
"Publica","psi.lilian_ruy",25,49,"PsicÃ³loga","SaÃºde Mental",100,,"https://www.instagram.com/psi.lilian_ruy","Psi.Lilian_Ruy"
"Publica","radardepromocoes25",9,398,"Monitoramento de PromoÃ§Ãµes","E-commerce",100,,"https://www.instagram.com/radardepromocoes25","Radar de PromoÃ§Ãµes"
"Privada","condackrodrigo",387,257,,,0,,"https://www.instagram.com/condackrodrigo","Rodrigo Condack"
"Privada","lilianrebeka_",1102,394,,,0,,"https://www.instagram.com/lilianrebeka_","Lilian Zap"
"Privada","crisciacamacho",351,366,"ğŸ“ ğŸ’„",,0,,"https://www.instagram.com/crisciacamacho","Criscia Camacho"
"Publica","vivianrobertomiranda",1737,576,"MamÃ£e da Giovanna ğŸ‘§ğŸ½ğŸ¤",,0,,"https://www.instagram.com/vivianrobertomiranda","Vivian Miranda"
"Publica","amandaoliveira.lm",122,107,"Estudante de direito âš–ï¸",,0,,"https://www.instagram.com/amandaoliveira.lm","Amanda Oliveira âš–ï¸"
"Privada","alzileiarodrigues",723,216,,,0,,"https://www.instagram.com/alzileiarodrigues","AlzilÃ©ia Rodrigues"
"Publica","claudia.mariaazevedo",288,146,,,0,,"https://www.instagram.com/claudia.mariaazevedo","Claudia Maria"
"Privada","ffabricioffontes",1378,636,,,0,,"https://www.instagram.com/ffabricioffontes","FabrÃ­cio Fontes"
"Publica","prfabao12",2488,1730,"Pastor",,0,,"https://www.instagram.com/prfabao12","Fabio Macedo"
"Publica","bigodearame",747,538,"UI/UX and Product Designer",,100,,"https://www.instagram.com/bigodearame","Vinicius Lauria"
"Privada","perosini_",324,291,,,0,,"https://www.instagram.com/perosini_","Andre Perosini"
"Privada","katlyn_paixao",1340,979,,,0,,"https://www.instagram.com/katlyn_paixao","Katlyn."
"Publica","alele.svg",303,113,"UX designer","Artista nas horas vagas",25,,"https://www.instagram.com/alele.svg","Leticia Visentim"
"Privada","rafaelso86",379,152,,,0,,"https://www.instagram.com/rafaelso86","Rafael da Silva Oliveira"
"Privada","paulomiguelrs",498,190,"Dev PHP ğŸ‘¨â€ğŸ’»",,0,,"https://www.instagram.com/paulomiguelrs","Paulo Miguel"
"Publica","_moondonuts",611,563,"Atendimento de 9hr Ã s 18hr !","Produtos artesanais",0,,"https://www.instagram.com/_moondonuts","AngÃ©lica ( Angel ) da Silva Faria"
"Publica","ej__marcenaria",2627,1778,"Empreendedor(a)","Marcenaria",0,,"https://www.instagram.com/ej__marcenaria","EJ Marcenaria"
"Publica","antonio.semeao.3",64,199,,,0,,"https://www.instagram.com/antonio.semeao.3","Antonio SemeÃ£o"
"Privada","jess.verdan",345,225,,,0,,"https://www.instagram.com/jess.verdan","JÃ©ssica Verdan"
"Publica","nextcominternet",743,699,"Provedor de serviÃ§os de internet","ğŸŒ 100% Fibra Ã“ptica",100,,"https://www.instagram.com/nextcominternet","Nextcom Internet"
"Publica","hpdrywall",1292,2320,"Construtora",,0,,"https://www.instagram.com/hpdrywall","HP Drywall"
"Publica","ericsonlamonica",1072,391,"Engenheiro de petrÃ³leo e gÃ¡s",,0,"Masculino","https://www.instagram.com/ericsonlamonica","Ericson Lamonica"
"Publica","biel_jesuino",1244,1746,,,0,,"https://www.instagram.com/biel_jesuino","Gabriel Jesuino"
"Publica","alvarofernandos.da",709,499,,,0,,"https://www.instagram.com/alvarofernandos.da","Alvaro Fernando S. da Silva"
"Publica","manuizieller",1210,651,,,0,,"https://www.instagram.com/manuizieller","Maria Emanuele Izidro Eller"
"Publica","davir2600naldo",835,390,,,0,,"https://www.instagram.com/davir2600naldo","Reinaldo Rodrigues"
"Publica","oacervogeek",6244,2880,,,100,,"https://www.instagram.com/oacervogeek","Acervo Geeks"
"Publica","forneriafragoso",149,1405,"Pizzaria","ğŸ›µ Delivery e Retirada",100,,"https://www.instagram.com/forneriafragoso","Forneria Fragoso"
"Publica","cabidedesegunda",1728,3921,"Personagem fictÃ­cio","BrechÃ³",100,,"https://www.instagram.com/cabidedesegunda","BrechÃ³ Cabide De Segunda"
"Publica","renanqmarques",1387,1200,,,0,,"https://www.instagram.com/renanqmarques","Renan Quintanilha"
"Publica","sclean_solutions",108,87,"Produto/serviÃ§o",,0,,"https://www.instagram.com/sclean_solutions","SClean Solutions"
"Publica","cacildaalves_hairstylist",3277,1403,"Hair Stylist",,0,,"https://www.instagram.com/cacildaalves_hairstylist","Cacilda AlvesğŸ¤"
"Publica","rvimports2023",32,34,"Loja de produtos eletrÃ´nicos importados","InovaÃ§Ã£o",0,,"https://www.instagram.com/rvimports2023","RV Imports"
"Publica","kitchefpiabeta",5038,2774,"Especialista em Carnes","Compras e varejo",0,,"https://www.instagram.com/kitchefpiabeta","Kitchef Piabeta"
"Publica","chef_fabio_britto",5815,19400,"Chef internacional","Gastronomia",100,,"https://www.instagram.com/chef_fabio_britto","FÃ¡bio Britto / Especialista em Buffets"
"Publica","lavajatodo24horas",255,157,"Comercial","Churra no Ljato",0,,"https://www.instagram.com/lavajatodo24horas","ğ—Ÿğ—®ğ˜ƒğ—® ğ—ğ—®ğ˜ğ—¼ ğ—±ğ—¼ ğŸ®ğŸ° ğ—µğ—¼ğ—¿ğ—®ğ˜€"
"Publica","verdanconfeitaria",81,96,"Restaurante","Entregas a combinar ğŸ¬",0,,"https://www.instagram.com/verdanconfeitaria","Yasmin Verdan"
"Privada","manuellyazzevedo",685,152,,,0,,"https://www.instagram.com/manuellyazzevedo","Emanuelly de Azevedo"
"Publica","larissa_santosmasso",2365,482,"Massoterapeuta",,0,"ela/dela","https://www.instagram.com/larissa_santosmasso","Larissa Santos"
"Publica","anadauestetica",4886,2375,"Enfermeira Esteta","SaÃºde/beleza",100,,"https://www.instagram.com/anadauestetica","Dra. Ana Dau"
"Publica","emanuelledaamaral",697,816,"creator's daughter.",,0,,"https://www.instagram.com/emanuelledaamaral","Î±mÎ±rÎ±l."
"Privada","jeff_.goncalves",984,284,,,0,,"https://www.instagram.com/jeff_.goncalves","Jefferson GonÃ§alves"
"Publica","geilsonap",1383,507,,"Meta",0,,"https://www.instagram.com/geilsonap","Geilson A. Pereira"
"Privada","kelvynflima",457,220,"Engenheiro Civil",,0,,"https://www.instagram.com/kelvynflima","Kelvyn Franco"
"Publica","infinity_infoegames",288,517,"Empreendedor(a)","Tecnologia",0,,"https://www.instagram.com/infinity_infoegames","INFINITY InformÃ¡tica & Games"
"Publica","sij_xn",243,102,,,0,,"https://www.instagram.com/sij_xn","Franciele Oliveira"
"Privada","lbulkool",870,1156,"Pai, designer, mergulhador, louco por rock'n'roll e cerveja.",,0,,"https://www.instagram.com/lbulkool","Leandro Bulkool"
"Publica","gilsoncamacho",67,116,,"Meta",100,,"https://www.instagram.com/gilsoncamacho","Gilcimar Camacho"
"Publica","ledaverdan",282,50,,,0,,"https://www.instagram.com/ledaverdan","Leda Sarres Verdan"
"Publica","nanahottoni",2991,5719,"Criador(a) de conteÃºdo digital","Integrante da @soberana.tv",100,"ela/elu/ele","https://www.instagram.com/nanahottoni","NanÃ¡"
"Publica","cardosovanessa02",2029,1333,,,100,,"https://www.instagram.com/cardosovanessa02","Vanessa Cardoso"
"Publica","le_onled",3944,1292,"ComunicaÃ§Ã£o Visual e Cenografia","Design",0,,"https://www.instagram.com/le_onled","Leon Led - ComunicaÃ§Ã£o Visual e Cenografia"
"Publica","ph_casanova1998",2824,1784,"MecÃ¢nico Diesel","MecÃ¢nica",0,,"https://www.instagram.com/ph_casanova1998","Pedro Casanova"
"Privada","luiz03nunes",1913,710,"Filho do eternoğŸ‡®ğŸ‡±ğŸ‡§ğŸ‡·",,0,,"https://www.instagram.com/luiz03nunes","Luiz Felipe Nunes"
"Privada","romariofmoura",523,397,"Corredor amador",,0,,"https://www.instagram.com/romariofmoura","ROMÃRIO MOURA"
"Privada","pedrorodrigues_alvinegro",901,425,,,0,,"https://www.instagram.com/pedrorodrigues_alvinegro","Pedro Henrique Rodrigues"
"Publica","giovanepirees",3142,3249,,,0,,"https://www.instagram.com/giovanepirees","Giovane Pires"
"Publica","mellniicolau_o",717,423,"MamÃ£e da Manu e do Arthurâ¤ï¸â¤ï¸",,0,,"https://www.instagram.com/mellniicolau_o","Mel Nicolau de Paula"
"Publica","rock.side.store",3490,21200,"Empreendedor(a)","LOJA DE VESTUÃRIO ROCK",0,,"https://www.instagram.com/rock.side.store","ROCK SIDE STORE"
"Publica","julia_borrgess",748,108,"Blogueiro(a)",,0,,"https://www.instagram.com/julia_borrgess","ju ğŸŒœ"
"Publica","tathyane.r",1226,656,,,0,,"https://www.instagram.com/tathyane.r","Tathyane"
"Privada","small182s",454,276,,,0,,"https://www.instagram.com/small182s","Evandro Ferreira"
"Publica","francioliveira0",28,63,,,0,,"https://www.instagram.com/francioliveira0","Franciele Oliveira"
"Privada","lillithfrost996",55,38,,,0,"Feminino","https://www.instagram.com/lillithfrost996","Lillith Frost"
"Publica","anselbini_",661,1071,,"E-commerce",0,,"https://www.instagram.com/anselbini_","Anselbini"
"Publica","jessica.galdinodacosta",3665,1491,"Empreendedor(a)","Nail designer ğŸ’…",100,,"https://www.instagram.com/jessica.galdinodacosta","JÃ©ssica Galdino"
"Privada","isabella_azeveedo",2786,2038,,,0,,"https://www.instagram.com/isabella_azeveedo","Isabella Azevedo"
"Publica","diegocustodio27",4339,2260,"Professor Lic. em Ed. FÃ­sica","EducaÃ§Ã£o",0,"Masculino","https://www.instagram.com/diegocustodio27","ğ”»ğ•šğ•–ğ•˜ğ•  â„‚ğ•¦ğ•¤ğ•¥ğ• ğ••ğ•šğ• "
"Publica","outbeco_imbarie",4126,3115,"Restaurante",,0,,"https://www.instagram.com/outbeco_imbarie","OutbÃªco ImbariÃª"
"Publica","attaressencias_tr",442,501,"Beleza, cosmÃ©ticos e cuidados pessoais",,0,,"https://www.instagram.com/attaressencias_tr","Attar EssÃªncias"
"Publica","suportebulls",6425,560,,,88,,"https://www.instagram.com/suportebulls","TIPS BULLS ğŸ¦¬"
"Publica","diegobcouto",2194,1031,"Meta",,0,,"https://www.instagram.com/diegobcouto","Diego Couto"
"Privada","barbosa.stephane",2574,1137,"MamÃ£e da Maria e do Benjamin",,0,,"https://www.instagram.com/barbosa.stephane","Stephane Barbosa"
"Publica","andressabindi",1673,1662,"work.",,0,,"https://www.instagram.com/andressabindi","Andressa Bindi"
"Publica","azevedofabricioazevedo",1163,235,,,100,,"https://www.instagram.com/azevedofabricioazevedo","Fabricioazevedo Azevedo"
"Privada","naiguel_aguiar",1496,1068,,,0,,"https://www.instagram.com/naiguel_aguiar","NAIGUEL AGUIAR"
"Publica","swgue_a_biou",172,27,,,0,,"https://www.instagram.com/swgue_a_biou","swgue a bio q sigo d volta"
"Publica","kellyogedaa",7503,2399,"Terapeuta Capilar Integrativa","SaÃºde/beleza",0,,"https://www.instagram.com/kellyogedaa","Kelly Ogeda"
"Publica","lary.ssa511",1323,169,"Titia de 9","FluminenseğŸ…",0,,"https://www.instagram.com/lary.ssa511","Laryssa Nicolau"
"Publica","nathaliabindi",214,305,"Arquiteta","Design",100,,"https://www.instagram.com/nathaliabindi","Nathalia"
"Publica","liliam.croches",171,151,"Produto/serviÃ§o","PeÃ§as delicadas em crochÃª!",0,,"https://www.instagram.com/liliam.croches","Liliam Souza C"
"Publica","cervejariareal",3255,5135,"ProduÃ§Ã£o","Cervejaria",0,,"https://www.instagram.com/cervejariareal","Cervejaria Real"
"Publica","desapego.day_",323,379,"Produto/serviÃ§o","Feiras & Eventos",0,,"https://www.instagram.com/desapego.day_","Desapego Day"
"Privada","meriellyrodrigues",849,1088,"Especialista em LegalizaÃ§Ã£o de Empresas ğŸ“ˆ",,0,,"https://www.instagram.com/meriellyrodrigues","Merielly Rodrigues"
"Privada","guiifontess",1062,402,"FarmacÃªutico Magistral VeterinÃ¡rio em @upvetrioilha ğŸ¶ğŸˆâ€â¬›",,0,,"https://www.instagram.com/guiifontess","Guilherme Fontes"
"Publica","drogariasvivamaispiabeta2",670,393,"FarmÃ¡cia/drogaria",,0,,"https://www.instagram.com/drogariasvivamaispiabeta2","LeÃ£o De JudÃ¡"
"Publica","fmattos.81",2425,1275,"Empreendedor(a)","Meta",100,,"https://www.instagram.com/fmattos.81","Freddy Mattos"
"Publica","larissapereiraf__",3833,3680,"Blog pessoal",,0,,"https://www.instagram.com/larissapereiraf__","LARISSA FERREIRAğŸ¦‹"
"Publica","luisacomz",668,1105,,"Meta",100,,"https://www.instagram.com/luisacomz","LUISA VASCONCELOS"
"Publica","antoniofbranco",1024,1115,,,0,,"https://www.instagram.com/antoniofbranco","Antonio Filipe"
"Publica","laurorussel",1561,425,,"Meta",12.31,,"https://www.instagram.com/laurorussel","Lauro Henrique Russel Pereira"
"Publica","fleetsburger",2254,2644,"Hamburgueria",,100,,"https://www.instagram.com/fleetsburger","Fleet's Burger na brasa"
"Privada","adrianodossantos3368",173,118,,,0,,"https://www.instagram.com/adrianodossantos3368","Adriano Oliveira"
"Publica","diogoofariaa",6534,2725,"Musicista/banda",,100,,"https://www.instagram.com/diogoofariaa","Diogo Faria"
"Publica","restaurantewebare",96,67,,"Restaurante",0,,"https://www.instagram.com/restaurantewebare","Elenilda Sodre"
"Publica","rburgeroficial2021",1298,427,,"AlimentaÃ§Ã£o",0,,"https://www.instagram.com/rburgeroficial2021","Adriano Rocha"
"Publica","wallax_gallotti",343,411,"vitrificaÃ§Ã£o","FamÃ­lia e tudo",2.5,,"https://www.instagram.com/wallax_gallotti","nave 65"
"Publica","acouguedosinalguapi",4341,4489,"Mercearia","AlimentaÃ§Ã£o",100,,"https://www.instagram.com/acouguedosinalguapi","AÃ§ougue do Sinal ğŸš¦ğŸ”¥"
"Privada","liddyonthemoon",7323,410,"avid poet",,0,,"https://www.instagram.com/liddyonthemoon","ãƒªãƒ‡ã‚£"
"Privada","jolieta_sf",181,39,,,0,,"https://www.instagram.com/jolieta_sf","Joli"
"Publica","selbidrim76",123,18,,,0,,"https://www.instagram.com/selbidrim76","I'll get along without your kiss tonight"
"Publica","daniel7534_",3554,952,"MÃºsico",,0,,"https://www.instagram.com/daniel7534_","Luiz Carlos"
"Publica","mande.lao",633,737,,,0,,"https://www.instagram.com/mande.lao","MandelÃ£o"
"Publica","state.oficial",1445,335,"Empresa de informÃ¡tica","ImplementaÃ§Ã£o e Gerenciamento de ServiÃ§os de TI",0,,"https://www.instagram.com/state.oficial","State"
"Privada","sergiolopesjunior_",1530,9806,,,0,,"https://www.instagram.com/sergiolopesjunior_","@ğŸ†‚ğŸ…´ğŸ†ğŸ…¶ğŸ…¸ğŸ…¾ ğŸ…»ğŸ…¾ğŸ…¿ğŸ…´ğŸ†‚"
"Publica","losburgueros",4489,9580,"Hamburgueria",,100,,"https://www.instagram.com/losburgueros","HAMBURGUER ARTESANAL"
"Publica","carvitoc",1278,1183,"Coach",,0,,"https://www.instagram.com/carvitoc","Carlos Vitor"
"Publica","geanch",1913,5767,"Empreendedor","AdministraÃ§Ã£o",100,,"https://www.instagram.com/geanch","Jean Castilho"
"Privada","matheus.paiotti",1622,597,,,0,,"https://www.instagram.com/matheus.paiotti","Matheus Paiotti"
"Privada","josealicecorrea",1958,1106,"CEO @espacotiajosy",,0,,"https://www.instagram.com/josealicecorrea","Joseane CorrÃªa"
"Publica","espacotiajosy",2566,3210,"Tutor/professor","EducaÃ§Ã£o",100,,"https://www.instagram.com/espacotiajosy","Tia Josy - EspaÃ§o PedagÃ³gico Educacional"
"Privada","danny_dannysantos",3188,941,,,0,,"https://www.instagram.com/danny_dannysantos","Danielle Santos"
"Publica","steaknoble.oficial",2461,6605,"Boutique de Carnes","AlimentaÃ§Ã£o",100,,"https://www.instagram.com/steaknoble.oficial","Steak Noble Delivery"
"Publica","vinicios.willian.22",653,376,,,0,,"https://www.instagram.com/vinicios.willian.22","Vinicios Willian"
"Publica","viniciuscar2",1176,527,"Formado em Marketing",,0,,"https://www.instagram.com/viniciuscar2","Vinicius Pereira"
"Publica","maosantaartesacra3d",2791,3034,"Artista","Modelagem e ImpressÃ£o 3D",0,,"https://www.instagram.com/maosantaartesacra3d","MÃ£o Santa Arte Sacra 3D"
"Publica","artesemcantos",180,100,"Feito Ã  mÃ£o com amor","Bolsas | Decor | Kits organizadores",0,,"https://www.instagram.com/artesemcantos","Artes & Encantos"
"Privada","hudsoncarvalhaes",3420,1602,,,0,,"https://www.instagram.com/hudsoncarvalhaes","Hudson Carvalhaes"
"Publica","ressaqueira",5216,2614,"Cervejaria",,0,,"https://www.instagram.com/ressaqueira","RessaQueira Cerveja Artesanal"
"Publica","fabiano_sioli",364,319,"Consultor de Marketing Digital graduado pela Universidade EstÃ¡cio de SÃ¡. Conectando marcas e pÃºblicos com criatividade e...",,0,,"https://www.instagram.com/fabiano_sioli","Fabiano Sioli"
"Publica","pacheco.sergioluiz",349,56,,"Meta",0,,"https://www.instagram.com/pacheco.sergioluiz","Sergio Luiz Pacheco"
"Privada","carolina_eryck",1850,302,,,0,,"https://www.instagram.com/carolina_eryck","Carolina Oliveira"
"Publica","imperialhamburguer",505,7243,"Hamburgueria Artesanal","AlimentaÃ§Ã£o",100,,"https://www.instagram.com/imperialhamburguer","IMPERIAL HAMBÃšRGUER"
"Publica","wesley_lopws",266,225,,,0,,"https://www.instagram.com/wesley_lopws","Wesley Lopes"
"Privada","ledasarres",167,31,,,0,,"https://www.instagram.com/ledasarres","Leda Sarres verdan"
"Publica","rafael.godoy.7965",934,294,,"Meta",0,,"https://www.instagram.com/rafael.godoy.7965","Rafael Godoy"
"Privada","cintia_capothi_",778,1326,,,0,,"https://www.instagram.com/cintia_capothi_","Cintia"
"Privada","gabrielribeiro2014",519,322,,,0,,"https://www.instagram.com/gabrielribeiro2014","Gabriel Ribeiro"
"Publica","cervejariaodin",6203,28200,"FÃ¡brica","Souvenirs",0,,"https://www.instagram.com/cervejariaodin","Cervejaria Odin"
"Publica","salvobebidas",3209,2746,"Bar",,0,,"https://www.instagram.com/salvobebidas","SalvoÌ‚Â® ã€°ï¸"
"Publica","b.condack",525,174,"Designer GrÃ¡fico",,0,,"https://www.instagram.com/b.condack","Bruno Condack"
"Publica","dansouza._a",490,286,"Blog pessoal","MagÃ© Rj",0,,"https://www.instagram.com/dansouza._a","Daniel Souza"
"Publica","jvcaldass",4459,810,,,0,,"https://www.instagram.com/jvcaldass","JoÃ£o Victor Caldas"
"Publica","bandavortex",462,424,"Banda",,100,,"https://www.instagram.com/bandavortex","Banda VorteX"
"Publica","ricasideias.marketing",769,433,"Criador(a) de conteÃºdo digital","Marketing em homeoffice",0,,"https://www.instagram.com/ricasideias.marketing",
"Publica","gabiverdan_",943,3375,"TÃ©cnica em QuÃ­mica ğŸ‘©ğŸ¼â€ğŸ”¬","QuÃ­mica",1,"Feminino","https://www.instagram.com/gabiverdan_","Gabrielle Verdan"
"Publica","onlinelucro",588,119,"Produto/serviÃ§o",,0,,"https://www.instagram.com/onlinelucro","Lucro Online"
"Publica","dijorge_empreendedor",5539,949,"Empreendedor(a)","MotivaÃ§Ã£o, empreendedorismo, Marketing digital",0,,"https://www.instagram.com/dijorge_empreendedor","Dijorge Souza"
"Privada","fabiobattan",709,399,,,0,,"https://www.instagram.com/fabiobattan","FÃ¡bio Batan"
"Publica","fitpoint_suplementos",4261,4819,"Loja de suplementos","Suplementos",0,,"https://www.instagram.com/fitpoint_suplementos","Fit Point Suplementos ğŸ’ªğŸ½"
"Publica","pretoaamais",1303,606,"Ceo...",,0,,"https://www.instagram.com/pretoaamais","Jean Estevam"
"Publica","elanegfashion",2817,2787,,,0,,"https://www.instagram.com/elanegfashion","Elane Goncalves"
"Privada","diego.almeida16",1871,1672,"Papai do @dieguinho.almeidafilho ğŸ‘¨â€ğŸ‘¦ğŸ‘¶ğŸ»",,0,,"https://www.instagram.com/diego.almeida16","Diego Almeida"
"Publica","claudiia_mariaa",197,117,,,0,,"https://www.instagram.com/claudiia_mariaa","Claudia Maria"
"Publica","troyaproducoese",3191,532,"ProduÃ§Ãµes de eventos",,100,,"https://www.instagram.com/troyaproducoese","TrÃ³ya produÃ§Ãµes e eventos"
"Publica","cristinnaq",393,343,,,0,,"https://www.instagram.com/cristinnaq","Queila Cristinna"
"Publica","imperiodossalgadosjp",2587,1845,"Loja","Fritos",0,,"https://www.instagram.com/imperiodossalgadosjp","IMPÃ‰RIO DOS SALGADOS ğŸ—"
"Privada","delicithe_saboresartesanais",715,591,,,100,,"https://www.instagram.com/delicithe_saboresartesanais","ğƒğğ¥ğ¢ğœğ¢ğ­ğ¡Ãª ğ†ğğ¥ğğ¢ğšğ¬ ğ€ğ«ğ­ğğ¬ğšğ§ğšğ¢ğ¬"
"Publica","infobravo",908,916,"Loja de informÃ¡tica",,0,,"https://www.instagram.com/infobravo","Info Bravo PiabetÃ¡"
"Publica","andressa_olli2",396,98,"Exclusivo pra sorteios",,0,,"https://www.instagram.com/andressa_olli2","Andressa Oliveira"
"Publica","clarinecorrea",660,691,,"Meta",100,,"https://www.instagram.com/clarinecorrea","Clarine Correa"
"Publica","siansdarkarts",2742,887,"Artista",,100,"She/Her","https://www.instagram.com/siansdarkarts","Sian Noir"
"Privada","eliharaujo_",4226,1341,"MÃºsico","Marketing Digital",0,,"https://www.instagram.com/eliharaujo_","Elih AraÃºjo"
"Privada","mag_magnific",914,215,,,0,,"https://www.instagram.com/mag_magnific","Mag MagnÃ­fica"
"Publica","larissa_alves190",6681,1072,,,0,,"https://www.instagram.com/larissa_alves190","LÃ¤rÃ¯ssÃ¤ SÃ¸Ã¼zÃ¤ğŸ’¸"
"Publica","vidracariabibo",595,482,"VidraÃ§aria","ConstruÃ§Ã£o",0.9,"Masculino","https://www.instagram.com/vidracariabibo","VidraÃ§aria Bibo"
"Privada","ven.vixen",565,202,"Oddly NOT so ordinary pro-cannabis cosplayer & mother life coach for two ridiculously ridiculously good lookin kids ğŸ’—",,0,"she/her","https://www.instagram.com/ven.vixen","A Medrano"
"Publica","maquiadorajulia_",1291,525,"Maquiadora","SaÃºde/beleza",100,,"https://www.instagram.com/maquiadorajulia_","Julia Vieira"
"Publica","julie_nelson_.98",4831,939,"Writer","Art Freak",0,"Single","https://www.instagram.com/julie_nelson_.98","Julie Nelson"
"Privada","cris_roberto_",5381,870,,,0,,"https://www.instagram.com/cris_roberto_","Cristina Vieira"
"Publica","vanessaaraujo1389",5557,2027,"TÃ©cnico em FarmÃ¡cia",,7.16,,"https://www.instagram.com/vanessaaraujo1389","Vanessa ğŸ’•"
"Publica","garparsantos",503,104,,,0,,"https://www.instagram.com/garparsantos","gasparzinho santos"
"Publica","hermione_granger_smith_",277,38,,,0,,"https://www.instagram.com/hermione_granger_smith_","Victoria Jonez"
"Publica","dmv_aguiar",1059,629,"Lutando",,100,,"https://www.instagram.com/dmv_aguiar","Vinicius Carvalho"
"Privada","ingrid_clicia",859,222,,,0,,"https://www.instagram.com/ingrid_clicia","Ingrid Clicia Lima da Silva"
"Publica","mudando_sua_vida__",3124,431,,,0,,"https://www.instagram.com/mudando_sua_vida__","Mudando Sua Vida"
"Publica","alissondiasdigital",1101,997,"Empreendedor(a)","Marketing ImobiliÃ¡rio",0,,"https://www.instagram.com/alissondiasdigital","Alisson Ferreira Dias"
"Privada","agathaa_regina",3011,2280,"PsicÃ³loga",,0,,"https://www.instagram.com/agathaa_regina","Ãgatha Regina"
"Privada","devil.meme.dante",3476,959,,,0,,"https://www.instagram.com/devil.meme.dante","Devil Meme Dante"
"Publica","cos.cos.play",5062,1939,"Blog pessoal",,100,,"https://www.instagram.com/cos.cos.play","Cosplay World"
"Publica","sergiopacheco51",210,56,"Blog pessoal",,100,,"https://www.instagram.com/sergiopacheco51","Sergio Luiz Pacheco"
"Publica","may_hanaby",3822,483,,,0,"Feminino","https://www.instagram.com/may_hanaby","Akeno Yamamoto"
"Publica","cayhero",1864,1509,,,0,,"https://www.instagram.com/cayhero","Cay Hero"
"Publica","yuzikurosawa",1294,296,,"Meta",0,,"https://www.instagram.com/yuzikurosawa","Yuzi Kurosawa"
"Privada","_amandinha_martins",2327,1762,"Nutricionista",,0,"Brasileira","https://www.instagram.com/_amandinha_martins","Amanda Martins | Nutricionista"
"Publica","junlan1199",332,124,,"Meta",0,,"https://www.instagram.com/junlan1199","June"
"Publica","anime_furry_fan4",564,124,"Arte",,0,,"https://www.instagram.com/anime_furry_fan4","aglaia vafiadis"
"Publica","kenpachimusicas",5854,559,,,0,,"https://www.instagram.com/kenpachimusicas","kenpachi mÃºsicas zki"
"Privada","larrosa_mary",290,118,,,0,,"https://www.instagram.com/larrosa_mary","Marylaine Teixeira"
"Publica","autumn0657",219,93,,,0,"she","https://www.instagram.com/autumn0657","Autumn Holloway"
"Publica","ellurestore",5543,837,"VestuÃ¡rio (marca)",,0,,"https://www.instagram.com/ellurestore","Ellure Store"
"Publica","cint1122334455",300,56,,"Meta",0,,"https://www.instagram.com/cint1122334455","cynthia"
"Publica","nandasilvam36",6004,1757,"Empreendedor(a)","Cabeleireira",0,,"https://www.instagram.com/nandasilvam36","fernanda da silva"
"Publica","xruchau",3092,770,"Arte",,0,,"https://www.instagram.com/xruchau","Sofiye"
"Privada","animalmyth12",3649,1356,"artist cosplayer",,0,"she/her/hers","https://www.instagram.com/animalmyth12","ğŸ’œğŸŒ¼ Your Random Weirdo ğŸŒ¼ğŸ’œ"
"Publica","beejooh",3565,1844,"Cozinha/culinÃ¡ria",,100,,"https://www.instagram.com/beejooh","beeJooh"
"Privada","silva2vez",6392,405,,,0,,"https://www.instagram.com/silva2vez","Silva e Silva"
"Publica","elitedaseducao",167,28,"Blog pessoal",,0,,"https://www.instagram.com/elitedaseducao","ğŸ”¥ Elite da SeduÃ§Ã£o ğŸ”¥"
"Publica","_arte_da_confeitaria",1271,229,"Empresa local","Confeitaria",0,,"https://www.instagram.com/_arte_da_confeitaria","Arte da Confeitaria"
"Publica","nuvegrio",4039,1236,"Loja de alimentos naturais",,0,,"https://www.instagram.com/nuvegrio","Nuveg"
"Publica","rosacardosorj",3704,1671,"Criador(a) de conteÃºdo digital","natureza digital,arte grÃ¡fica.",100,,"https://www.instagram.com/rosacardosorj","Rosa Cardoso"
"Publica","cidasantosrj",5821,2125,,,0,,"https://www.instagram.com/cidasantosrj","Cida Santos"
"Publica","anafulanaatelier",1834,1835,"VestuÃ¡rio (marca)",,0,,"https://www.instagram.com/anafulanaatelier","Ana Fulana Atelier Â®"
"Publica","merciamelo3628",486,253,"Blog pessoal","RioğŸŒ´",0,,"https://www.instagram.com/merciamelo3628","MÃ©rciağŸ˜ğŸ’‹ğŸ’˜"
"Privada","miz_meena_maran",421,101,"Information Assistant","Malaysia Airports Terminal Division",0,,"https://www.instagram.com/miz_meena_maran","Meena Maran"
"Publica","entreinstantes2024",1496,502,"Blog pessoal",,0,,"https://www.instagram.com/entreinstantes2024","Entre Instantes"
"Publica","bruno_luizlima",876,599,"trabalho","Esporte",0,,"https://www.instagram.com/bruno_luizlima","Bruno Lima"
"Privada","borge_ja",1376,1080,"ProprietÃ¡ria da @julianaborgeconfeitaria","Gastronomia",0,,"https://www.instagram.com/borge_ja","Juliana"
"Publica","conversamasculina",2386,633,"Coach pessoal",,0,,"https://www.instagram.com/conversamasculina","Conversa Masculina"
"Publica","evellin.micro",3042,6314,"Micropigmentadora","Beleza",8,,"https://www.instagram.com/evellin.micro","Evellin Nogueira â™ï¸"
"Publica","descomplicatreinamentos",1268,3666,"Figura pÃºblica",,100,,"https://www.instagram.com/descomplicatreinamentos","Descomplica Treinamentos"
"Publica","llovecakes2019",607,271,"Empresa local",,0,,"https://www.instagram.com/llovecakes2019","l love cakes"
"Privada","jorgercal30",963,1092,,,0,,"https://www.instagram.com/jorgercal30","Jorge Caldeira"
"Publica","cultlivros",2212,235,,,0,,"https://www.instagram.com/cultlivros","cultlivros"
"Privada","gaabriel_souuzaa",4303,2715,"EmpresÃ¡rioVidraÃ§ariaBibo / PastelariaEespetariabibo",,0,,"https://www.instagram.com/gaabriel_souuzaa","Gabriel Soouzaa"
"Publica","evelynsathal",5290,1896,,"Meta",0,,"https://www.instagram.com/evelynsathal","Evelynsathal"
"Publica","tumblrzoubb",78,12,,"Meta",0,,"https://www.instagram.com/tumblrzoubb","tumblrzoubb"
"Publica","sintaumapoesia",3087,676,"Blog pessoal",,100,,"https://www.instagram.com/sintaumapoesia","A vida Ã© um eterno poema..."
"Privada","ohanaduarte18",2856,955,"MamÃ£e de Mirelly e Davi Lucca ğŸ˜ğŸ’•",,0,,"https://www.instagram.com/ohanaduarte18","ohana duarte"
"Privada","jeeebottelho",479,492,,,0,,"https://www.instagram.com/jeeebottelho","JÃ©ssica Botelho"
"Privada","jessverdan",2217,1279,,,0,,"https://www.instagram.com/jessverdan","JÃ©ssica Verdan ğŸ¹ğŸŒŠ"
"Publica","cafe.papito",214,191,"Empresa local","NegÃ³cio familiar",0,,"https://www.instagram.com/cafe.papito","CafÃ© Papito"
"Publica","savethenexus",7013,36200,"Videogame",,0,,"https://www.instagram.com/savethenexus","Save The Nexus"
"Publica","betinhos_modas",216,45,"Empresa de varejo",,100,,"https://www.instagram.com/betinhos_modas","Betinhos Modas"
"Publica","celmirguilherme",871,1084,,,100,,"https://www.instagram.com/celmirguilherme","Celmir Guilherme"
"Privada","angelojulia_",1451,693,"Pesquisa ClÃ­nica",,0,"Feminino","https://www.instagram.com/angelojulia_","Julia Vieira"
"Publica","pedro_alvestito",687,418,"Estudante de Engenharia","SÃ³cio @ro.boutiquebrecho",25,"Masculino","https://www.instagram.com/pedro_alvestito","Pedro Tito Alves"
"Publica","fernando_robert_21",3275,2652,"MÃºsico","MÃºsica",100,,"https://www.instagram.com/fernando_robert_21","Fernando Robert"
"Privada","flavia_davi7",633,553,,,0,,"https://www.instagram.com/flavia_davi7","FlÃ¡via Davi"
"Publica","eurobertalvees",1898,1576,,,0,,"https://www.instagram.com/eurobertalvees","Roberta Alves"
"Privada","verdanmonica",568,238,,,0,,"https://www.instagram.com/verdanmonica","Monica Verdan"
"Publica","lucas.3655",326,261,,,0,,"https://www.instagram.com/lucas.3655","Lucas Duarte"
"Privada","marialiviasouzasantos",1021,303,,,0,,"https://www.instagram.com/marialiviasouzasantos","maria livia souza"
"Publica","celyvsarres",234,153,"Eu",,0,,"https://www.instagram.com/celyvsarres","celyvsarres"
"Privada","niveasouzafisio",2788,997,"Fisioterapeuta ğŸ§ ğŸ«€ğŸ«ğŸ˜·ğŸ¥",,0,,"https://www.instagram.com/niveasouzafisio","Nivea Souza"
"Publica","trioemfa_oficial",2256,5214,"Musicista/banda",,0,,"https://www.instagram.com/trioemfa_oficial","Trio Em FÃ¡"
"Publica","jeizy_ruy",1201,570,,,0,,"https://www.instagram.com/jeizy_ruy","Jeizy Ruy MagalhÃ£es"
"Publica","vinny_sd",200,260,,"Meta",100,,"https://www.instagram.com/vinny_sd","Vinicius Carvalho de Aguiar"
"Publica","quintaldosamigoss",234,51,"Bar e Restaurante","AlimentaÃ§Ã£o",0,,"https://www.instagram.com/quintaldosamigoss","Quintal dos Amigos"
"Privada","celosilvaviana",523,258,,,0,,"https://www.instagram.com/celosilvaviana","Marcelo Viana"
"Publica","teixeirasleonardo",1293,1349,"Criador(a) de conteÃºdo digital","Coach de Cross| LPO NÃ­vel 2",0,,"https://www.instagram.com/teixeirasleonardo","Leonardo Teixeira"
"Publica","marcos_viniciusbotelho",1426,1181,"Vendedor @bindi_iphones",,0,,"https://www.instagram.com/marcos_viniciusbotelho","Marcos Vinicius"
"Publica","claudio.enrique.33",491,340,,,0,,"https://www.instagram.com/claudio.enrique.33","Claudio Enrique"
"Privada","p.henriquetomaz",0,0,,,0,,"https://www.instagram.com/p.henriquetomaz",
"Publica","jefferson7426",655,463,,"Meta",100,,"https://www.instagram.com/jefferson7426","Jefferson Queiroz"
"Publica","aliceerobert",2665,1007,,,0,,"https://www.instagram.com/aliceerobert","Alice"
"Privada","thais.verdan",1000,506,,,0,,"https://www.instagram.com/thais.verdan","ThaÃ­s Verdan"
"Publica","desapegosdamari_desapegadas",339,50,,,0,,"https://www.instagram.com/desapegosdamari_desapegadas","Desapegosdamari_desapegadas"
"Privada","angelsilvafaria",894,212,"Cosplay","Donuts e doces artesanais",0,,"https://www.instagram.com/angelsilvafaria","AngÃ©lica S.F."
"Publica","dluckmp",460,271,"MÃ³veis planejados.","ServiÃ§o local",0,,"https://www.instagram.com/dluckmp","D' Luck"
"Publica","jamesmacleanph",1333,478,"FotÃ³grafo(a)","Portrait Profile",100,,"https://www.instagram.com/jamesmacleanph","James Maclean"
"Privada","marlonmir92",899,380,,,0,,"https://www.instagram.com/marlonmir92","Marlon Miranda"
"Publica","patricpj",316,330,"ProduÃ§Ã£o de peÃ§as feitas em madeira de reuso, mÃ³veis em paletes e pinus selecionados.",,0,,"https://www.instagram.com/patricpj","Pj visÃ£o de art"
"Privada","amanddario.lm",1951,1098,"Estudante",,0,,"https://www.instagram.com/amanddario.lm","AMANDA OLIVEIRA"
"Publica","softdecore",1203,192,,,0,,"https://www.instagram.com/softdecore","soft Decor"
"Privada","willbaptista1_",1145,567,"systems analyst and developer ğŸ˜ğŸ˜œ",,0,,"https://www.instagram.com/willbaptista1_","Pablo W. Ramos"
"Publica","nevinhacamacho",712,778,,,100,,"https://www.instagram.com/nevinhacamacho","Nevinha Camacho"
"Privada","jldbrito",3666,632,"Assessor Administrativo",,0,,"https://www.instagram.com/jldbrito","JoÃ£o Lucas Brito"
"Privada","renejr.correa",1701,2334,"ğŸ‘¨ğŸ»â€ğŸ’» | @loja.rdesign",,0,,"https://www.instagram.com/renejr.correa","Rene Junior"
"Privada","_crocodilebr",90,84,,,0,,"https://www.instagram.com/_crocodilebr","_CrocodileBR"
"Publica","afonso.bunn",1397,1084,"CEO | Empreendedor apaixonado","Fundador da @vinculolouvavel & @softinstalacoes",0,,"https://www.instagram.com/afonso.bunn","Afonso Bunn"
"Publica","patronoseguranca",1363,394,"Produto/serviÃ§o","SeguranÃ§a EletrÃ´nica e Tecnologia",100,,"https://www.instagram.com/patronoseguranca","Patrono - SeguranÃ§a EletrÃ´nica"
"Privada","alvespatryck",1462,1000,"Eng. MecÃ¢nica",,0,,"https://www.instagram.com/alvespatryck","Patryck Alves"
"Publica","azevedo8757",558,185,,"Meta",0,,"https://www.instagram.com/azevedo8757","Fabricio Azevedo"
"Publica","bodyhealthsuplemoda",2536,447,"SuplementaÃ§Ã£o e Moda Fitness",,0,,"https://www.instagram.com/bodyhealthsuplemoda","ğŸ”¸Body Health ğŸ’ª"
"Publica","mac_quiadora",2253,3812,"Profissional Instrutora","Make/ Design de Sobrancelhas/ Alongamento de CÃ­lios",100,"Feminino","https://www.instagram.com/mac_quiadora","Stephanie Maclean"
"Privada","eumariioo",1003,204,"Investidor de OpÃ§Ãµes","Contabilidade",0,,"https://www.instagram.com/eumariioo","MÃ¡rio Jorge"
"Publica","nessah.ozorio",2044,1806,,,0,,"https://www.instagram.com/nessah.ozorio","Nessah Ozorio"
"Privada","aline.siqueira.92317",471,381,"MÃ£e da @_gabyxzs._ e @alveees79 ğŸ’• casadağŸ’",,0,,"https://www.instagram.com/aline.siqueira.92317","Aline Siqueira"
"Publica","mattos1000",1292,625,,"Meta",0,,"https://www.instagram.com/mattos1000","Frederico Mota Mattos"
"Privada","adairandrea",1802,987,,,0,,"https://www.instagram.com/adairandrea","Andrea Araujo"
"Publica","ozimarcabral.adv",3108,3243,"Advogado Especializado","SaÃºde e Lazer",0,,"https://www.instagram.com/ozimarcabral.adv","OZIMAR CABRAL ADVOGADO"
"Publica","felipelopes1639",107,51,,"Meta",0,,"https://www.instagram.com/felipelopes1639","Felipe Lopes"
"Privada","glauciacrissilva",536,137,,,0,,"https://www.instagram.com/glauciacrissilva","GlÃ¡ucia Silva"
"Privada","raquel4.5",1606,518,,,0,,"https://www.instagram.com/raquel4.5","Raquel Serra"
"Publica","rhufagundess",2024,3178,"Nails ğŸ’…ğŸ½ğŸ’–",,0,,"https://www.instagram.com/rhufagundess","Rhuanna Fagundes"
"Publica","jownmaclean",358,203,,,0,,"https://www.instagram.com/jownmaclean","Jonathan Maclean"
"Privada","bymcln",1544,593,,,0,,"https://www.instagram.com/bymcln","James Maclean"
"Publica","faeldefreitas90",1297,796,,,0,,"https://www.instagram.com/faeldefreitas90","Rafael de Freitas"
"Privada","jessicadesousacruz",629,287,,,0,,"https://www.instagram.com/jessicadesousacruz","Jessica De Sousa Cruz"
"Publica","avioes_do_forro7162",6443,876,,,0,,"https://www.instagram.com/avioes_do_forro7162","avioes do forro"
"Publica","_angelcosplay",2359,2869,"Blog pessoal",,0,,"https://www.instagram.com/_angelcosplay","Angel ğŸŒ™"
"Privada","cristinafernanda16",791,881,"Recomece âœ¨",,0,,"https://www.instagram.com/cristinafernanda16","Fernanda Cristina"
"Publica","gabrielscz",1318,1506,"Auxiliar Administrativo",,100,"Masculino","https://www.instagram.com/gabrielscz","G A B R I E L C E Z A R"
"Privada","melissabittencourtt",1404,1449,"Enfermeira","Cardiologia - UERJ/HUPE - Esp. UTI e EmergÃªncia",0,,"https://www.instagram.com/melissabittencourtt","Melissa Bittencourt"
"Privada","dennisvieira95",868,680,,,0,,"https://www.instagram.com/dennisvieira95","ğ‘«ğ’†ğ’ğ’ğ’Šğ’” ğ‘½ğ’Šğ’†ğ’Šğ’“ğ’‚"
"Privada","euleonardo_lima",7218,1913,"Light Designer",,0,,"https://www.instagram.com/euleonardo_lima","Leonardo Lima"
"Publica","giseletorresoficial",1227,1484,"Estudante de Direito",,0,,"https://www.instagram.com/giseletorresoficial","ğ†ğˆğ’ğ„ğ‹ğ„ ğ“ğğ‘ğ‘ğ„ğ’"
"Privada","felipe.moreiramanhaes",1789,457,,,0,,"https://www.instagram.com/felipe.moreiramanhaes","Felipe Moreira Manhaes"
"Publica","moisessantosipu",241,143,,"Meta",0,,"https://www.instagram.com/moisessantosipu","Moises Santos"
"Publica","juuh_milato",4699,1193,"TÃ©cnica de Enfermagem | Enfermeira","PÃ³s graduada em Enfermagem do Trabalho | CC e CME",100,,"https://www.instagram.com/juuh_milato","Juuh Milato"
"Publica","larissa_camacho",3504,3516,"Profissional de EducaÃ§Ã£o FÃ­sica","EducaÃ§Ã£o",100,"Feminino","https://www.instagram.com/larissa_camacho","Larissa Camacho"
"Privada","yasminverdan",1749,2002,"FarmacÃªutica ClÃ­nica Hospitalar","PÃ³s em GestÃ£o de Pessoas | Oncologia",0,,"https://www.instagram.com/yasminverdan","Yasmin Verdan"
"Privada","juuh_eq_16",1218,1190,"TÃ©cnica em QuÃ­mica ğŸ‘©â€ğŸ”¬","Engenharia QuÃ­mica- UFRRJ",0,"Cancerianaâ™‹","https://www.instagram.com/juuh_eq_16","Julieta GonÃ§alves"
"Publica","diogoduartedds",810,619,,,0,,"https://www.instagram.com/diogoduartedds","Diogo Duarte"
"Publica","dudaa_azeevedo",87,52,,,0,,"https://www.instagram.com/dudaa_azeevedo","Maria Eduarda Azevedoo"
"Publica","stephane.moreira08",4546,1472,,,0,,"https://www.instagram.com/stephane.moreira08","Stephane Moreira"
"Publica","gioscreldo",48,49,,,0,,"https://www.instagram.com/gioscreldo","gioscreldo"
"Privada","joicyn",700,258,,,0,,"https://www.instagram.com/joicyn","Joicy N. Hagio"